Cityid,City,Cloudiness,Country,Date,Humidity,latitude,Longitude,Maxtemp,Windspeed
1,Saint-Pierre,75,RE,1595103628,88,-21.34,55.48,19.0,9.3
2,Itaituba,52,BR,1595103398,30,-4.28,-55.98,35.39,1.77
3,Jamestown,1,US,1595103523,58,42.1,-79.24,30.56,4.6
4,Bluff,0,NZ,1595103628,82,-46.6,168.33,2.55,3.89
5,Punta Arenas,40,CL,1595103368,80,-53.15,-70.92,2.0,8.2
6,Kruisfontein,0,ZA,1595103628,73,-34.0,24.73,12.35,3.62
7,Mahébourg,75,MU,1595103503,56,-20.41,57.7,21.0,5.7
8,Busselton,37,AU,1595103628,77,-33.65,115.33,10.56,3.09
9,Yanam,86,IN,1595103628,85,16.73,82.22,26.81,1.52
10,Mataura,0,NZ,1595103628,93,-46.19,168.86,-0.73,1.03
11,Ushuaia,75,AR,1595103587,86,-54.8,-68.3,1.0,0.45
12,Atuona,89,PF,1595103332,76,-9.8,-139.03,26.46,6.42
13,Clyde River,75,CA,1595103628,81,70.47,-68.59,7.0,7.7
14,Kismayo,27,SO,1595103628,76,-0.36,42.55,25.23,9.6
15,Khelyulya,62,RU,1595103628,66,61.73,30.68,17.03,1.24
16,Fort Nelson,75,CA,1595103628,46,58.81,-122.7,23.0,1.5
18,Pará de Minas,37,BR,1595103628,60,-19.86,-44.61,20.76,4.27
19,Vaini,75,TO,1595103628,94,-21.2,-175.2,25.0,2.6
20,Pangnirtung,75,CA,1595103628,81,66.15,-65.71,9.0,6.2
21,Rikitea,23,PF,1595103328,82,-23.12,-134.97,22.85,10.11
22,Tessalit,45,ML,1595103628,27,20.2,1.01,33.13,4.25
23,Dikson,100,RU,1595103629,95,73.51,80.55,4.16,3.36
24,Hambantota,80,LK,1595103439,80,6.12,81.12,26.63,5.21
25,Yellowknife,20,CA,1595103362,49,62.46,-114.35,22.22,5.7
26,Hobart,34,AU,1595103405,76,-42.88,147.33,9.0,2.6
27,Ambilobe,0,MG,1595103629,66,-13.2,49.05,18.84,2.39
28,Constitución,99,CL,1595103629,84,-35.33,-72.42,13.77,6.58
29,Khatanga,100,RU,1595103629,81,71.97,102.5,7.39,0.75
30,Zhuhai,20,CN,1595103629,83,22.28,113.57,29.44,4.6
31,Souillac,75,MU,1595103629,56,-20.52,57.52,21.0,5.7
32,Tuktoyaktuk,90,CA,1595103629,87,69.45,-133.04,6.0,5.1
33,Carnarvon,0,AU,1595103629,76,-24.87,113.63,11.0,4.6
34,Genhe,100,CN,1595103629,91,50.78,121.52,15.55,2.2
35,Victoria Point,0,AU,1595103629,78,-27.58,153.3,12.22,0.45
36,Lebu,100,CL,1595103629,88,-37.62,-73.65,11.61,7.23
38,Saint Paul Harbor,90,US,1595103629,77,57.79,-152.41,15.0,2.6
39,Gravdal,42,NO,1595103629,77,68.12,13.5,13.05,4.48
40,Albany,46,US,1595103629,34,42.6,-73.97,33.89,1.91
41,Hong Kong,82,HK,1595103331,79,22.29,114.16,28.89,3.58
43,Bhuban,88,IN,1595103629,85,20.88,85.83,27.83,2.61
44,Santa Maria da Boa Vista,44,BR,1595103629,40,-8.81,-39.83,29.07,8.42
46,Ouricuri,45,BR,1595103630,41,-7.88,-40.08,27.61,3.2
47,Esperance,40,AU,1595103407,100,-33.87,121.9,10.0,2.1
48,Ahipara,99,NZ,1595103630,90,-35.17,173.17,14.93,4.89
49,Kiryat Gat,0,IL,1595103418,66,31.61,34.76,26.67,1.55
50,Ust-Nera,100,RU,1595103510,46,64.57,143.2,16.79,1.52
51,Severo-Kuril'sk,72,RU,1595103630,88,50.68,156.12,10.22,4.99
52,Lancaster,1,US,1595103331,40,40.25,-76.25,33.33,3.1
53,Christchurch,90,NZ,1595103586,100,-43.53,172.63,10.56,2.1
54,Fortuna,20,US,1595103630,68,40.6,-124.16,20.0,4.6
55,Ayan,100,RU,1595103630,98,56.45,138.17,12.53,2.38
56,San Patricio,5,MX,1595103630,75,19.22,-104.7,32.0,5.1
57,Fukuechō,100,JP,1595103630,91,32.69,128.84,25.41,4.89
58,Saint-Philippe,75,RE,1595103630,88,-21.36,55.77,19.0,9.3
60,Methven,71,NZ,1595103630,97,-43.63,171.65,6.67,1.24
61,Yerbogachën,38,RU,1595103630,94,61.28,108.01,6.8,1.79
62,Codrington,0,AU,1595103514,92,-38.27,141.97,7.54,5.77
63,Banda Aceh,56,ID,1595103630,81,5.56,95.32,26.16,1.75
64,Ketchikan,90,US,1595103630,100,55.34,-131.65,14.0,4.6
65,Tromsø,4,NO,1595103630,71,69.65,18.96,13.0,6.2
66,New Norfolk,60,AU,1595103631,82,-42.78,147.06,7.22,0.45
67,Bredasdorp,0,ZA,1595103631,87,-34.53,20.04,13.0,2.1
68,Castro,15,BR,1595103461,72,-24.79,-50.01,20.23,2.12
69,Kirensk,11,RU,1595103631,92,57.79,108.11,5.95,1.21
70,Hermanus,0,ZA,1595103631,95,-34.42,19.23,11.11,1.8
71,Vardø,100,NO,1595103631,93,70.37,31.11,10.3,3.8
72,Asău,40,RO,1595103631,68,46.43,26.4,22.0,2.6
73,Bambous Virieux,75,MU,1595103410,56,-20.34,57.76,21.0,5.7
74,Anadyr,40,RU,1595103509,66,64.75,177.48,11.0,6.0
75,Kutum,32,SD,1595103631,45,14.2,24.67,26.8,4.66
76,Thompson,75,CA,1595103631,52,55.74,-97.86,21.0,3.6
77,Farmington,1,US,1595103607,25,36.73,-108.22,31.0,4.81
78,Aljustrel,0,PT,1595103631,28,37.88,-8.17,30.0,5.1
79,Cidreira,0,BR,1595103631,79,-30.18,-50.21,19.81,4.87
80,Mogadishu,83,SO,1595103549,79,2.04,45.34,25.35,7.86
81,Hasaki,75,JP,1595103631,100,35.73,140.83,21.11,0.5
82,Arraial do Cabo,0,BR,1595103631,78,-22.97,-42.03,22.0,8.7
83,Puerto Ayora,40,EC,1595103632,61,-0.74,-90.35,27.0,8.2
85,Nikolskoye,100,RU,1595103632,72,59.7,30.79,18.89,2.0
86,Los Llanos de Aridane,45,ES,1595103632,88,28.66,-17.92,25.0,6.7
87,Chui,92,UY,1595103632,86,-33.7,-53.46,19.84,1.75
88,Salalah,75,OM,1595103632,89,17.02,54.09,29.0,2.1
89,Port Elizabeth,0,ZA,1595103632,82,-33.92,25.57,15.0,5.1
90,Ilulissat,100,GL,1595103632,32,69.22,-51.1,13.0,2.1
91,San Policarpo,100,PH,1595103632,79,12.18,125.51,27.73,4.64
92,Mnogovershinnyy,18,RU,1595103450,99,53.94,139.92,14.27,0.86
93,Tasiilaq,35,GL,1595103632,59,65.61,-37.64,10.0,5.1
94,Kapaa,75,US,1595103633,74,22.08,-159.32,30.0,4.6
95,Tiznit Province,0,MA,1595103633,26,29.58,-9.5,28.84,2.33
96,Yumen,0,CN,1595103633,23,40.28,97.2,21.11,3.42
97,Rawson,100,AR,1595103633,74,-43.3,-65.1,8.44,5.51
98,Oranjemund,0,NA,1595103511,35,-28.55,16.43,16.63,2.49
100,Port Alfred,0,ZA,1595103633,59,-33.59,26.89,17.05,5.07
101,Butaritari,1,KI,1595103633,76,3.07,172.79,28.38,6.8
104,Lüderitz,0,NA,1595103634,21,-26.65,15.16,21.0,3.6
105,Zaykovo,55,RU,1595103634,94,57.56,62.76,19.24,2.8
107,Saint George,1,US,1595103341,14,37.1,-113.58,39.44,1.5
108,Rudnichnyy,0,RU,1595103634,90,59.62,52.47,15.09,1.67
109,Kumul,58,CN,1595103634,15,42.8,93.45,28.07,2.3
110,Cape Town,0,ZA,1595103073,93,-33.93,18.42,12.22,0.5
111,Cherskiy,0,RU,1595103428,65,68.75,161.3,15.52,1.32
113,Klaksvík,45,FO,1595103634,87,62.23,-6.59,10.0,5.7
114,Celestún,21,MX,1595103634,67,20.87,-90.4,29.77,6.05
115,Comodoro Rivadavia,75,AR,1595103433,75,-45.87,-67.5,6.0,2.6
116,Tiksi,100,RU,1595103634,97,71.69,128.87,8.43,3.23
117,Adrar,57,MR,1595103634,18,20.5,-10.07,37.68,4.49
118,Kovdor,82,RU,1595103635,90,67.57,30.48,15.38,2.85
119,Porbandar,14,IN,1595103635,82,21.64,69.61,28.98,7.94
120,Ixtapa,40,MX,1595103635,66,20.7,-105.2,32.78,3.6
121,Correntina,11,BR,1595103635,39,-13.34,-44.64,25.64,3.83
122,Guerrero Negro,0,MX,1595103635,45,27.98,-114.06,27.56,7.19
123,La Ronge,75,CA,1595103635,88,55.1,-105.28,18.0,4.6
124,Parrita,40,CR,1595103635,51,9.52,-84.32,29.0,5.1
125,Kargasok,20,RU,1595103635,77,59.06,80.86,15.5,3.03
127,Rodeo,1,US,1595103636,37,38.03,-122.27,30.56,6.2
128,Calvinia,0,ZA,1595103636,39,-31.47,19.78,11.44,2.61
129,Kahului,20,US,1595103636,52,20.89,-156.47,32.0,10.3
130,Coquimbo,100,CL,1595103636,72,-29.95,-71.34,15.0,4.1
131,Chokurdakh,0,RU,1595103636,58,70.63,147.92,8.27,5.28
134,Narasannapeta,99,IN,1595103636,87,18.42,84.05,27.63,2.7
135,Selçuk,0,TR,1595103637,78,37.95,27.37,28.0,1.5
136,Merauke,97,ID,1595103637,87,-8.47,140.33,22.79,4.25
137,Mamontovo,4,RU,1595103637,78,52.71,81.62,15.53,5.01
139,Shaoguan,14,CN,1595103637,86,24.8,113.58,25.25,1.38
140,Bar Harbor,1,US,1595103637,73,44.39,-68.2,27.78,6.2
141,Lloydminster,90,CA,1595103637,93,53.28,-110.0,14.0,6.2
142,Fushun,75,CN,1595103637,94,41.86,123.92,22.0,2.0
143,Hilo,90,US,1595103638,69,19.73,-155.09,28.0,4.6
144,Zemio,95,CF,1595103638,95,5.03,25.14,21.12,1.06
145,Río Cuarto,42,AR,1595103638,63,-33.13,-64.35,16.0,5.1
146,Talnakh,63,RU,1595103447,87,69.49,88.4,10.0,4.0
147,Yar-Sale,100,RU,1595103638,93,66.83,70.83,9.82,4.98
148,Mar del Plata,100,AR,1595103638,87,-38.0,-57.56,13.0,2.1
149,Tokur,0,RU,1595103638,95,53.13,132.9,16.4,1.24
150,Seoul,90,KR,1595103469,65,37.57,126.98,25.0,2.1
151,Ostrovnoy,32,RU,1595103638,61,68.05,39.51,16.91,6.36
152,Kamenka,0,RU,1595103638,94,51.32,42.77,15.56,0.89
154,La Foa,40,NC,1595103639,93,-21.71,165.83,16.0,2.1
155,George Town,20,MY,1595103411,100,5.41,100.34,26.0,2.94
156,Bugama,40,NG,1595103639,88,4.73,6.86,26.0,2.55
157,Soyo,0,AO,1595103639,86,-6.13,12.37,22.25,4.4
158,Mae Hong Son,100,TH,1595103639,86,19.3,97.97,23.85,0.83
159,Sakakah,7,SA,1595103639,11,29.97,40.21,36.0,3.1
160,Robertsport,100,LR,1595103639,83,6.75,-11.37,25.03,2.87
161,Okha,100,RU,1595103639,94,53.57,142.95,14.49,2.16
162,Bethel,1,US,1595103482,38,41.37,-73.41,33.33,3.1
163,Lumphat,100,KH,1595103639,97,13.49,106.98,22.48,0.52
165,Cap-aux-Meules,90,CA,1595103640,82,47.38,-61.86,18.0,3.6
166,Hastings,0,GB,1595103640,82,50.86,0.57,20.56,1.79
167,Leningradskiy,100,RU,1595103640,82,69.38,178.42,3.18,4.64
168,Qaanaaq,93,GL,1595103640,68,77.48,-69.36,9.42,1.14
169,São João da Barra,3,BR,1595103640,69,-21.64,-41.05,23.0,6.2
170,Båtsfjord,99,NO,1595103640,84,70.63,29.72,11.53,0.76
171,Avarua,90,CK,1595103640,69,-21.21,-159.78,23.0,5.1
173,Kiunga,100,PG,1595103640,99,-6.12,141.29,22.3,0.8
174,Simpang Empat,20,MY,1595103640,88,4.95,100.63,26.0,0.5
175,Zhanakorgan,0,KZ,1595103640,16,43.91,67.25,27.85,2.52
176,Coyhaique,90,CL,1595103641,85,-45.58,-72.07,0.0,1.5
177,Grand Gaube,1,MU,1595103641,69,-20.01,57.66,19.44,2.24
178,Marsh Harbour,100,BS,1595103641,76,26.54,-77.06,28.66,6.92
179,Pisco,6,PE,1595103383,72,-13.7,-76.22,18.33,4.1
180,Garwolin,87,PL,1595103641,39,51.9,21.61,21.67,3.32
181,Mitsamiouli,11,KM,1595103641,61,-11.38,43.28,24.77,5.19
182,Avon Lake,40,US,1595103641,32,41.51,-82.03,34.0,5.7
183,Pingxiang,100,CN,1595103641,76,27.62,113.85,26.77,1.33
184,Quatre Cocos,75,MU,1595103641,56,-20.21,57.76,21.0,5.7
185,Ribeira Grande,40,PT,1595103416,64,38.52,-28.7,23.0,5.7
186,Hithadhoo,100,MV,1595103641,80,-0.6,73.08,26.27,15.13
187,Walvis Bay,0,NA,1595103641,13,-22.96,14.51,22.0,7.2
188,Aksarka,65,RU,1595103641,95,66.56,67.8,10.27,2.74
189,Tarauacá,1,BR,1595103641,34,-8.16,-70.77,33.98,0.98
190,Alofi,95,NU,1595103642,77,-19.06,-169.92,25.1,7.81
191,Sestroretsk,96,RU,1595103642,72,60.1,29.96,18.89,2.0
192,Sola,82,VU,1595103516,80,-13.88,167.55,26.33,1.85
194,High Level,40,CA,1595103642,60,58.52,-117.14,22.0,3.1
195,Port Hardy,90,CA,1595103642,87,50.7,-127.42,14.0,4.1
196,Naantali,16,FI,1595103642,68,60.47,22.02,19.0,1.5
197,Hamilton,75,US,1595103529,52,39.18,-84.53,35.0,5.1
198,Bengkulu,89,ID,1595103642,90,-3.8,102.27,23.77,1.68
199,Namatanai,100,PG,1595103642,81,-3.67,152.43,25.8,1.91
200,Tual,66,ID,1595103643,81,-5.67,132.75,25.66,7.68
201,Vila Velha,20,BR,1595103643,69,-20.33,-40.29,23.0,3.1
202,Tolú,99,CO,1595103643,74,9.52,-75.58,30.59,2.61
204,Aldan,100,RU,1595103643,96,58.6,125.39,12.94,1.55
205,Saint Andrews,40,US,1595103643,49,34.05,-81.13,36.67,3.1
206,Tartagal,14,AR,1595103643,38,-22.52,-63.8,31.24,1.75
207,Narsaq,20,GL,1595103477,39,60.92,-46.05,19.0,4.6
208,Hokitika,1,NZ,1595103643,69,-42.72,170.97,8.5,1.99
209,Upernavik,0,GL,1595103644,52,72.79,-56.15,9.52,3.24
210,Rocha,100,UY,1595103644,88,-34.48,-54.33,18.69,2.82
211,Kungurtug,13,RU,1595103644,76,50.6,97.52,7.75,0.37
212,Daru,63,PG,1595103644,86,-9.08,143.21,24.09,5.86
213,Padang,40,ID,1595103486,94,-0.95,100.35,25.0,0.5
214,San Angelo,40,US,1595103644,32,31.46,-100.44,35.56,3.1
215,Provideniya,97,RU,1595103439,78,64.38,-173.3,7.66,1.73
216,Bilma,22,NE,1595103644,26,18.69,12.92,32.68,4.67
217,Yangi Marg`ilon,96,UZ,1595103480,36,40.43,71.72,27.0,2.1
218,Santa Cruz de la Sierra,40,BO,1595103644,62,-17.8,-63.17,29.0,12.3
219,Kui Buri,93,TH,1595103645,86,12.08,99.85,26.44,2.29
220,Frederico Westphalen,0,BR,1595103645,77,-27.36,-53.39,24.44,0.89
221,Oakdale,90,US,1595103645,74,44.96,-92.96,32.78,1.5
222,Taltal,50,CL,1595103645,65,-25.4,-70.48,15.64,2.3
224,Ascension,52,US,1595103645,52,30.22,-90.9,33.33,2.6
226,Howard Springs,0,AU,1595103645,93,-12.5,131.05,19.0,2.1
227,Nanortalik,27,GL,1595103645,72,60.14,-45.24,9.76,2.17
228,Andalan,52,PH,1595103645,81,5.96,121.39,26.65,2.97
229,Dingle,92,PH,1595103455,88,11.0,122.67,24.67,2.09
230,Kaeo,100,NZ,1595103517,3,-35.1,173.78,15.0,2.24
231,North Platte,1,US,1595103646,48,41.12,-100.77,30.0,6.2
232,Jumla,100,NP,1595103646,73,29.27,82.18,18.73,0.73
233,Wembley,20,AU,1595103646,93,-31.93,115.8,8.33,2.1
234,San Francisco del Mar Viejo,0,MX,1595103646,60,16.23,-94.65,32.54,4.59
235,Akhtubinsk,0,RU,1595103646,50,48.28,46.17,24.06,6.01
236,Xai-Xai,0,MZ,1595103646,80,-25.05,33.64,16.19,3.1
237,Bariloche,90,AR,1595103646,93,-41.15,-71.31,5.0,5.1
238,Beyneu,34,KZ,1595103444,22,45.32,55.2,32.15,3.29
239,Belmonte,40,BR,1595103646,69,-15.86,-38.88,23.0,2.1
240,Fairbanks,90,US,1595103646,82,64.84,-147.72,16.0,2.1
241,Khātra,100,IN,1595103647,78,22.98,86.85,28.59,4.08
242,Marsá Maţrūḩ,0,EG,1595103423,78,31.35,27.25,25.0,2.6
243,Berlevåg,96,NO,1595103647,84,70.86,29.09,11.04,1.27
244,Pasni,9,PK,1595103647,82,25.26,63.47,30.44,5.42
245,Barrow,90,US,1595103647,81,71.29,-156.79,3.0,6.2
246,Mayo,1,US,1595103647,52,38.89,-76.51,34.0,4.1
247,Mardin,0,TR,1595103647,21,37.31,40.74,25.81,1.74
248,Ponta do Sol,75,PT,1595103647,83,32.67,-17.1,23.0,1.5
249,Itarema,100,BR,1595103647,68,-2.92,-39.92,28.04,5.81
250,Towada,90,JP,1595103647,100,40.61,141.21,18.0,2.1
251,Kabanjahe,40,ID,1595103647,94,3.1,98.49,25.0,1.0
252,Kaitangata,1,NZ,1595103648,88,-46.28,169.85,6.67,1.79
253,Taoudenni,2,ML,1595103648,13,22.68,-3.98,39.84,0.62
254,East London,0,ZA,1595103648,34,-33.02,27.91,19.45,3.87
255,The Pas,90,CA,1595103648,88,53.83,-101.25,18.0,3.1
256,Vila Franca do Campo,40,PT,1595103648,73,37.72,-25.43,22.0,6.2
257,Airai,100,TL,1595103497,54,-8.93,125.41,12.94,1.06
258,Santa Rosa,100,PH,1595103530,58,14.31,121.11,29.0,2.1
259,La Rioja,0,ES,1595103648,37,42.25,-2.5,28.0,3.6
260,Sokoni,20,TZ,1595103649,69,-6.43,39.55,25.0,5.1
261,Cayenne,99,GF,1595103649,83,4.93,-52.33,28.0,2.1
262,Idaho Falls,1,US,1595103649,41,43.47,-112.03,27.22,3.1
264,Mandera,100,KE,1595103649,44,3.94,41.87,28.33,10.02
265,Port Lincoln,48,AU,1595103649,83,-34.73,135.87,12.93,10.3
266,El Alto,12,PE,1595103649,64,-4.27,-81.21,23.0,9.8
267,Katsuura,100,JP,1595103649,96,35.13,140.3,23.33,0.45
268,San Nicolas,74,PH,1595103649,83,18.17,120.6,26.63,1.96
271,Sechura,11,PE,1595103649,60,-5.56,-80.82,22.58,6.41
272,Chapais,75,CA,1595103649,44,49.78,-74.85,25.0,3.6
273,Coahuayana Viejo,75,MX,1595103649,62,18.73,-103.68,29.0,4.1
274,Shumskiy,87,RU,1595103649,87,54.83,99.13,9.66,1.37
275,Morón,90,AR,1595103603,100,-34.65,-58.62,16.11,2.1
276,Shiraz,40,IR,1595103576,32,29.6,52.54,28.0,1.74
277,Stromness,79,GB,1595103350,76,58.97,-3.3,12.0,7.7
278,Ugoofaaru,100,MV,1595103413,74,5.67,73.0,28.63,8.11
279,Port Blair,15,IN,1595103650,78,11.67,92.75,27.44,2.81
280,São Filipe,33,CV,1595103650,75,14.9,-24.5,24.36,4.02
281,Puerto Escondido,5,MX,1595103650,62,15.85,-97.07,32.0,4.1
282,Naze,100,JP,1595103650,88,28.37,129.48,27.0,2.6
283,Bonoua,20,CI,1595103650,94,5.27,-3.6,24.0,2.6
284,Porto-Novo,20,BJ,1595103650,88,6.5,2.6,25.0,4.6
285,Kuril'sk,38,RU,1595103650,91,45.23,147.88,13.81,2.97
286,Boende,40,CD,1595103547,82,-0.22,20.87,22.74,0.46
287,General Roca,20,AR,1595103381,32,-39.03,-67.58,19.0,4.1
288,Perth,20,AU,1595103650,93,-31.93,115.83,8.33,2.1
289,Cochrane,75,CA,1595103362,37,51.18,-114.47,22.22,3.1
290,Oriximiná,4,BR,1595103650,45,-1.77,-55.87,32.39,3.82
291,La Victoria,40,VE,1595103650,70,10.22,-67.33,30.0,4.6
292,Şereflikoçhisar,0,TR,1595103650,31,38.94,33.54,25.95,6.11
293,Lima,40,PE,1595103642,60,-12.04,-77.03,20.0,3.1
294,Coos Bay,3,US,1595103650,10,43.37,-124.22,27.78,1.79
296,Shingū,100,JP,1595103651,81,33.73,135.98,21.57,1.14
297,Panabá,44,MX,1595103651,72,21.28,-88.27,30.64,4.78
298,Manaus,40,BR,1595103651,66,-3.1,-60.02,31.0,3.6
299,Lorengau,100,PG,1595103440,78,-2.02,147.27,26.45,1.4
300,Lavrentiya,77,RU,1595103651,71,65.58,-171.0,8.76,2.96
301,Zhezkazgan,54,KZ,1595103651,42,47.8,67.71,26.49,5.34
302,Houma,75,US,1595103651,74,29.6,-90.72,34.44,2.11
303,Gladstone,0,AU,1595103544,81,-23.85,151.25,11.0,3.1
304,Launceston,90,AU,1595103651,93,-41.45,147.17,9.44,8.2
305,Sabzawār,0,IR,1595103651,21,36.21,57.68,27.17,5.16
306,Karratha,97,AU,1595103651,77,-20.74,116.85,18.91,5.46
307,Lata,0,PT,1595103651,47,40.16,-8.33,28.33,1.34
308,Sfântu Gheorghe,99,RO,1595103525,78,45.87,25.78,17.78,1.79
309,Wakkanai,3,JP,1595103651,87,45.41,141.67,17.72,2.23
310,Jaciara,0,BR,1595103651,24,-15.97,-54.97,32.57,3.11
311,Lompoc,5,US,1595103652,64,34.64,-120.46,21.11,5.7
312,Belaya Gora,7,RU,1595103419,56,68.53,146.42,14.15,5.92
313,Port Pirie,1,AU,1595103652,93,-33.18,138.02,8.0,3.6
314,Cabo San Lucas,5,MX,1595103652,49,22.89,-109.91,32.0,2.6
316,Boa Vista,40,BR,1595103652,62,2.82,-60.67,30.0,1.5
317,Paamiut,10,GL,1595103652,82,61.99,-49.67,8.34,3.76
318,Takoradze,98,GH,1595103652,90,4.88,-1.76,24.15,3.28
319,Zheleznodorozhnyy,3,RU,1595103652,87,55.75,38.0,18.33,1.0
320,Faya,40,SA,1595103522,40,18.39,42.45,25.0,2.1
321,Hervey Bay,6,AU,1595103366,84,-25.3,152.85,12.22,2.24
322,Owosso,40,US,1595103652,58,43.0,-84.18,32.22,5.7
323,Kichera,61,RU,1595103652,72,55.94,110.1,9.97,2.22
324,Sambava,1,MG,1595103652,77,-14.27,50.17,19.65,6.93
325,Kasongo-Lunda,0,CD,1595103652,33,-6.47,16.82,22.31,1.06
326,Marzuq,100,YE,1595103652,39,14.4,46.47,30.81,0.68
328,Mercedes,100,AR,1595103652,99,-34.65,-59.43,15.0,0.89
329,Saldanha,0,ZA,1595103652,81,-33.01,17.94,11.0,1.5
330,Jinchang,0,CN,1595103653,26,38.5,102.17,19.4,2.14
331,Nouakchott,4,MR,1595103653,74,18.09,-15.98,27.0,6.7
332,Krasnosel'kup,93,RU,1595103653,74,65.7,82.47,10.65,2.29
333,Zhigansk,0,RU,1595103416,91,66.77,123.37,13.15,3.59
334,Pevek,18,RU,1595103653,70,69.7,170.31,6.11,0.85
335,Teluk Nibung,77,ID,1595103653,90,3.0,99.82,24.23,1.65
336,Isangel,75,VU,1595103422,88,-19.55,169.27,20.0,3.27
337,Trincomalee,100,LK,1595103653,75,8.57,81.23,28.16,2.27
338,Eilat,0,IL,1595103653,32,29.56,34.95,34.0,6.2
339,Pacasmayo,15,PE,1595103653,73,-7.4,-79.57,18.88,6.15
340,Bardsīr,0,IR,1595103653,21,29.92,56.57,27.0,3.1
341,Batticaloa,100,LK,1595103653,70,7.71,81.69,28.21,2.31
343,Estepa,0,ES,1595103653,36,37.29,-4.88,34.0,5.7
344,Kavieng,100,PG,1595103653,73,-2.57,150.8,27.5,2.73
345,Perelyub,0,RU,1595103653,88,51.87,50.37,18.39,3.9
346,Río Gallegos,75,AR,1595103519,93,-51.62,-69.22,2.0,2.6
347,Ludvika,50,SE,1595103654,77,60.15,15.19,17.22,2.6
348,Laas,40,IT,1595103654,62,46.62,10.7,14.0,2.6
349,Kalakamati,0,BW,1595103654,60,-20.59,27.31,9.45,4.33
351,Sol'-Iletsk,25,RU,1595103654,59,51.16,54.99,24.78,3.26
352,Iralaya,20,HN,1595103654,70,15.0,-83.23,32.0,3.1
354,Altamira,81,BR,1595103654,57,-3.2,-52.21,30.98,1.42
355,Stornoway,89,GB,1595103654,93,58.21,-6.39,11.11,6.7
356,Waipawa,99,NZ,1595103654,74,-41.41,175.52,10.56,1.79
357,At-Bashi,100,KG,1595103654,65,41.17,75.81,14.47,0.66
358,São Geraldo do Araguaia,0,BR,1595103654,32,-6.4,-48.55,33.27,2.21
359,Kysucké Nové Mesto,75,SK,1595103654,100,49.3,18.78,16.11,1.0
360,Līsakovsk,1,KZ,1595103654,67,52.54,62.49,24.72,3.46
361,Port Macquarie,75,AU,1595103654,98,-31.43,152.92,6.67,1.74
362,Yeghegnavan,1,AM,1595103655,37,39.84,44.63,29.0,5.7
363,Yilan,40,TW,1595103655,83,24.76,121.75,29.0,1.5
365,Faanui,90,PF,1595103655,84,-16.48,-151.75,24.23,9.59
366,Malbork,0,PL,1595103655,77,54.04,19.03,19.44,1.0
367,Shujaabad,20,PK,1595103655,63,29.88,71.29,35.0,3.42
368,San Ramon,1,US,1595103404,37,37.78,-121.98,31.11,2.6
369,Mariental,0,NA,1595103537,33,-24.63,17.97,12.99,5.7
370,Kelebia,95,HU,1595103655,80,46.2,19.62,17.78,2.89
371,Palmer,20,US,1595103655,43,42.16,-72.33,32.78,2.46
372,Alice Springs,0,AU,1595103655,33,-23.7,133.88,7.0,2.6
373,Norman Wells,75,CA,1595103655,77,65.28,-126.83,19.0,6.2
374,Fandriana,98,MG,1595103656,90,-20.23,47.38,10.08,4.97
375,San Juan del Paraná,0,PY,1595103656,42,-27.3,-55.97,30.0,7.7
376,Sørland,19,NO,1595103656,81,67.67,12.69,12.74,7.53
377,Almaznyy,0,RU,1595103656,77,48.04,40.05,19.0,4.0
378,Alugan,100,PH,1595103656,81,12.22,125.48,27.38,4.26
379,Kindu,16,CD,1595103656,58,-2.95,25.95,21.89,0.57
380,Curuçá,33,BR,1595103656,91,-0.73,-47.85,25.96,2.63
381,Flinders,100,AU,1595103656,87,-34.58,150.86,8.33,0.45
382,Beringovskiy,99,RU,1595103656,86,63.05,179.32,10.9,1.22
383,Oktyabr'skoye,0,RU,1595103656,83,43.06,44.74,21.0,3.0
384,Santa Lucía,20,ES,1595103656,65,27.91,-15.54,29.44,10.3
386,Kushima,75,JP,1595103656,83,31.46,131.23,23.0,0.5
387,Bétaré Oya,100,CM,1595103657,92,5.6,14.08,19.95,0.61
389,Vostok,6,RU,1595103657,87,46.49,135.88,16.8,0.99
391,Óbidos,30,BR,1595103657,45,-1.92,-55.52,32.25,2.97
392,Ancud,90,CL,1595103465,93,-41.87,-73.82,11.67,7.2
393,Avera,1,US,1595103657,41,33.19,-82.53,35.0,4.6
394,Fuling,99,CN,1595103657,91,29.7,107.39,23.7,1.08
395,Noyabrsk,42,RU,1595103657,89,63.2,75.45,17.94,2.8
396,Honningsvåg,59,NO,1595103657,80,70.98,25.97,11.24,2.55
398,Mount Gambier,40,AU,1595103503,100,-37.83,140.77,8.0,4.1
399,Setermoen,10,NO,1595103657,62,68.86,18.35,15.0,3.6
400,Longyearbyen,75,SJ,1595103547,70,78.22,15.64,8.0,3.1
401,Huambo,0,AO,1595103658,46,-12.78,15.74,9.94,2.4
402,Plettenberg Bay,0,ZA,1595103658,71,-34.05,23.37,14.22,2.86
403,Mindelo,40,CV,1595103658,65,16.89,-24.98,26.0,9.3
404,Golden,75,US,1595103658,13,39.76,-105.22,37.22,1.5
405,Kozhevnikovo,0,RU,1595103658,82,56.26,83.97,13.29,0.45
406,Meadville,1,US,1595103658,38,41.64,-80.15,32.22,3.6
407,Poso,17,ID,1595103658,76,-1.4,120.75,24.51,2.12
408,Syracuse,40,IT,1595103658,73,37.09,15.28,25.0,4.1
409,Oussouye,75,SN,1595103658,94,12.48,-16.55,25.0,3.1
410,Northam,100,GB,1595103658,96,51.03,-4.22,15.56,4.02
411,Carauari,77,BR,1595103445,52,-4.88,-66.9,31.9,2.07
412,Klyuchi,6,RU,1595103659,77,52.27,79.17,17.64,4.7
413,Dakar,20,SN,1595103300,78,14.69,-17.44,28.0,6.2
414,Bhīnmāl,34,IN,1595103659,67,25.0,72.25,30.8,7.54
415,Portland,1,US,1595103587,47,45.52,-122.68,25.56,3.1
416,Laguna,1,US,1595103448,35,38.42,-121.42,32.78,1.5
417,Margate,0,GB,1595103659,77,51.38,1.39,18.89,0.89
418,Cairns,88,AU,1595103399,82,-16.92,145.77,15.0,5.1
419,Thinadhoo,100,MV,1595103659,76,0.53,72.93,27.6,7.78
420,Nurota,0,UZ,1595103659,16,40.56,65.69,29.0,2.1
421,Panzhihua,100,CN,1595103659,82,26.59,101.71,22.29,1.1
422,Kaitong,100,CN,1595103659,58,44.81,123.15,23.2,4.96
423,Rio Verde de Mato Grosso,0,BR,1595103659,22,-18.92,-54.84,32.24,2.4
425,Torbay,75,CA,1595103659,34,47.67,-52.73,20.56,3.6
426,Salinópolis,24,BR,1595103659,80,-0.61,-47.36,27.66,4.64
427,Ballitoville,0,ZA,1595103659,87,-29.54,31.21,8.0,1.5
428,Saint-Augustin,7,CA,1595103660,63,51.23,-58.65,20.01,8.27
430,Uray,70,RU,1595103660,75,60.12,64.78,21.69,3.32
431,Moose Factory,1,CA,1595103660,61,51.26,-80.61,26.0,2.1
432,Caravelas,100,BR,1595103660,63,-17.71,-39.25,22.85,2.87
433,Kenai,90,US,1595103660,77,60.55,-151.26,16.67,5.7
434,Shache,100,CN,1595103363,38,38.42,77.24,23.94,2.72
435,Egvekinot,10,RU,1595103660,72,66.32,-179.17,5.86,2.97
436,Ati,20,TD,1595103660,49,13.22,18.34,30.9,3.84
437,San Jose,75,US,1595103474,44,37.34,-121.89,28.33,4.6
438,Leeton,94,AU,1595103661,100,-34.57,146.4,5.0,0.5
439,Ibrā’,39,OM,1595103661,53,22.69,58.53,30.61,2.74
440,Cap Malheureux,3,MU,1595103661,69,-19.98,57.61,19.44,2.24
441,Henties Bay,0,NA,1595103661,43,-22.12,14.28,17.04,2.34
442,Ginir,53,ET,1595103661,85,7.13,40.7,14.8,4.91
443,Lagoa,4,PT,1595103661,79,39.05,-27.98,20.86,5.73
444,Dunedin,0,NZ,1595103661,88,-45.87,170.5,7.78,1.79
445,Srednekolymsk,0,RU,1595103661,67,67.45,153.68,10.55,2.13
446,Talara,8,PE,1595103661,64,-4.58,-81.27,23.0,9.8
447,Imeni Poliny Osipenko,100,RU,1595103661,92,52.42,136.49,19.16,1.19
448,Menongue,0,AO,1595103661,49,-14.66,17.69,9.46,2.31
449,Savyntsi,0,UA,1595103662,77,49.4,37.06,17.21,1.92
450,Araci,68,BR,1595103662,79,-11.33,-38.97,21.92,5.53
451,Hrebinka,0,UA,1595103662,86,50.12,32.44,16.84,2.56
452,Broome,1,US,1595103662,35,42.25,-75.83,31.67,2.6
453,Olafsvik,23,IS,1595103662,80,64.89,-23.71,9.09,8.29
454,Chimbote,42,PE,1595103662,73,-9.09,-78.58,18.6,5.51
455,Catia La Mar,40,VE,1595103662,70,10.6,-67.03,30.0,4.6
456,Kingaroy,0,AU,1595103662,85,-26.53,151.83,1.0,0.52
457,Callaway,75,US,1595103662,83,30.15,-85.57,34.0,4.6
458,Kerman,1,IR,1595103662,21,30.28,57.08,27.0,3.1
459,Valparaíso,90,CL,1595103662,100,-33.04,-71.63,12.0,4.1
460,Saskylakh,24,RU,1595103663,73,71.92,114.08,6.96,5.1
461,Dwārka,9,IN,1595103663,83,22.24,68.97,29.28,7.31
462,Chumphon,2,TH,1595103663,97,10.33,98.83,23.04,0.22
463,Kade,20,DE,1595103663,71,52.38,12.27,22.22,0.45
464,Sapulpa,20,US,1595103420,44,36.0,-96.11,36.0,5.7
465,Babu,100,CN,1595103663,87,24.42,111.52,25.15,1.52
466,Biak,30,ID,1595103663,84,-0.91,122.88,24.44,3.06
467,Geraldton,7,AU,1595103663,93,-28.77,114.6,9.0,2.6
468,La Orilla,7,MX,1595103536,58,17.98,-102.23,30.68,5.25
469,Agbor,93,NG,1595103663,95,6.25,6.19,22.99,1.97
470,Huarmey,7,PE,1595103663,67,-10.07,-78.15,19.27,5.06
471,Caucaia,40,BR,1595103402,69,-3.74,-38.65,28.0,7.2
472,Maumere,1,ID,1595103663,77,-8.62,122.21,24.45,1.39
473,Richards Bay,0,ZA,1595103663,67,-28.78,32.04,16.14,3.93
474,Río de Jesús,85,PA,1595103663,66,7.98,-81.16,31.02,0.92
475,Verāval,37,IN,1595103664,82,20.9,70.37,28.79,7.5
476,Mossamedes,0,AO,1595103664,80,-15.2,12.15,19.95,2.34
477,Peruíbe,4,BR,1595103664,85,-24.32,-47.0,20.42,1.35
478,Seydi,0,TM,1595103664,12,39.48,62.91,31.04,5.89
479,Merate,2,IT,1595103664,69,45.7,9.41,21.11,0.79
480,Atar,17,MR,1595103423,18,20.52,-13.05,38.68,4.44
481,Port Moresby,100,PG,1595103664,89,-9.44,147.18,23.07,2.58
482,Pauini,42,BR,1595103664,34,-7.71,-66.98,35.21,0.63
483,Kodinsk,74,RU,1595103664,84,58.69,99.18,7.91,1.58
484,Pitimbu,40,BR,1595103664,78,-7.47,-34.81,25.0,4.6
485,Katherine,0,AU,1595103664,54,-14.47,132.27,13.0,2.1
486,Killybegs,20,IE,1595103664,76,54.63,-8.45,13.0,5.7
487,Brae,20,GB,1595103664,81,60.4,-1.35,12.0,7.7
488,Boffa,100,GN,1595103664,90,10.17,-14.03,23.34,1.49
489,Socorro,75,US,1595103665,23,31.65,-106.3,37.22,6.2
490,Yangambi,100,CD,1595103665,94,0.81,24.43,20.95,0.88
491,Tautira,20,PF,1595103665,69,-17.73,-149.15,26.0,3.6
492,Debre Tabor,100,ET,1595103665,100,11.85,38.02,12.02,2.17
493,Khani,75,GE,1595103665,83,41.96,42.96,24.0,3.6
494,Assiut,0,EG,1595103605,40,27.18,31.18,30.0,6.2
495,Coronado,20,US,1595103665,61,32.69,-117.18,30.0,6.7
496,Nhulunbuy,0,AU,1595103665,93,-12.23,136.77,17.0,4.08
497,Lakeside,40,US,1595103403,55,30.13,-81.77,34.44,5.7
498,Liverpool,75,GB,1595103558,77,53.41,-2.98,15.0,2.6
499,Tocopilla,89,CL,1595103665,49,-22.09,-70.2,19.12,5.55
500,Piura,0,PE,1595103460,46,-5.2,-80.63,27.22,7.1
501,Havøysund,4,NO,1595103665,71,71.0,24.66,13.0,1.5
502,Buala,83,SB,1595103665,80,-8.14,159.59,26.73,3.52
503,Kolpashevo,0,RU,1595103666,72,58.31,82.91,14.15,1.96
504,Linqiong,61,CN,1595103666,73,30.42,103.46,25.56,2.7
508,Mananara,11,MG,1595103666,84,-16.17,49.77,19.38,3.87
509,Nouadhibou,75,MR,1595103666,88,20.93,-17.03,22.0,5.7
510,Bubaque,100,GW,1595103666,87,11.28,-15.83,25.73,7.45
511,Wanlaweyn,28,SO,1595103426,78,2.62,44.89,23.85,7.95
512,Praxédis Guerrero,75,MX,1595103666,23,31.37,-106.02,37.22,6.2
515,Touros,75,BR,1595103666,88,-5.2,-35.46,23.0,3.1
516,Kiama,100,AU,1595103666,79,-34.68,150.87,8.33,2.07
517,Evensk,11,RU,1595103667,66,61.95,159.23,13.59,3.78
518,Port-Cartier,40,CA,1595103667,77,50.03,-66.87,20.56,5.7
519,Bogale,100,MM,1595103667,88,16.28,95.4,25.97,1.52
520,Sioux Lookout,75,CA,1595103667,54,50.1,-91.92,29.0,5.1
521,Hailar,68,CN,1595103667,93,49.2,119.7,14.84,6.83
522,Kangasala,40,FI,1595103667,64,61.46,24.08,20.0,2.1
523,San Lorenzo,0,PY,1595103453,31,-25.33,-57.53,32.0,6.2
524,Vilhena,0,BR,1595103558,29,-12.74,-60.15,32.26,1.86
526,Tumpat,20,MY,1595103667,88,6.2,102.17,25.56,1.0
527,Monrovia,75,LR,1595103667,94,6.3,-10.8,25.0,3.22
528,Tommot,100,RU,1595103667,89,58.96,126.29,14.47,1.2
529,Cabatuan,87,PH,1595103667,87,10.88,122.49,24.41,2.39
530,Biankouma,8,CI,1595103667,96,7.74,-7.61,19.8,0.96
531,Vredendal,0,ZA,1595103667,39,-31.67,18.5,13.15,0.89
532,San Cristobal,40,VE,1595103467,34,7.77,-72.22,35.0,12.3
533,Santa Maria,0,BR,1595103667,73,-29.68,-53.81,24.43,3.37
534,Pacific Grove,20,US,1595103667,68,36.62,-121.92,21.0,3.1
535,Wajir,53,KE,1595103668,56,1.75,40.06,24.64,9.91
536,Lexington Park,20,US,1595103553,38,38.27,-76.45,35.0,3.6
537,Batemans Bay,100,AU,1595103668,86,-35.72,150.18,8.33,0.45
538,Pokhara,100,NP,1595103668,85,28.23,83.98,22.31,1.02
539,Bumba,96,CD,1595103516,92,2.18,22.47,21.52,0.74
540,Acapulco de Juárez,5,MX,1595103668,70,16.86,-99.89,31.0,5.1
541,Gualaquiza,67,EC,1595103668,76,-3.4,-78.55,21.45,0.87
542,San Quintín,3,MX,1595103668,63,30.48,-115.95,24.15,7.16
543,Paungde,100,MM,1595103668,93,18.48,95.5,25.25,3.0
544,Barcelos,0,PT,1595103409,78,41.54,-8.62,27.78,3.1
545,Te Anau,0,NZ,1595103668,88,-45.42,167.72,0.48,0.43
546,Zhireken,100,RU,1595103668,95,52.82,117.31,13.6,2.25
547,Camacha,40,PT,1595103668,83,33.08,-16.33,22.0,4.6
549,Hohhot,0,CN,1595103668,66,40.81,111.65,12.0,2.0
551,Kjøllefjord,42,NO,1595103668,80,70.95,27.35,11.33,2.05
552,Kupang,8,ID,1595103668,74,-10.17,123.58,22.05,2.82
553,Medford,1,US,1595103632,37,42.33,-122.88,31.11,1.71
555,Bangui,20,CF,1595103669,88,4.36,18.55,25.0,1.0
556,Marawi,34,PH,1595103466,89,8.0,124.29,24.44,2.24
557,Westport,1,US,1595103381,40,41.14,-73.36,31.11,5.1
558,Mandalgovi,48,MN,1595103669,57,45.76,106.27,14.2,0.82
559,Kawalu,92,ID,1595103669,87,-7.38,108.21,21.52,0.57
560,Gizo Government Station,89,SB,1595103669,75,-8.1,156.84,27.57,3.29
561,Puerto Vallarta,40,MX,1595103669,66,20.62,-105.23,32.78,3.6
562,Rosetta,0,EG,1595103669,65,31.4,30.42,26.0,5.1
563,Camacupa,0,AO,1595103669,46,-12.02,17.48,10.67,2.09
564,Kavaratti,100,IN,1595103669,76,10.57,72.64,28.13,9.09
565,Abengourou,92,CI,1595103669,98,6.73,-3.5,22.1,1.34
566,Norrtälje,20,SE,1595103546,55,59.76,18.7,18.89,2.49
567,Kodino,75,RU,1595103669,68,63.72,39.64,12.66,0.15
568,Iqaluit,90,CA,1595103669,93,63.75,-68.51,8.0,2.6
569,Tandil,100,AR,1595103520,71,-37.32,-59.13,15.56,0.45
570,Kuvandyk,84,RU,1595103669,56,51.48,57.36,24.56,2.94
571,Kargala,0,RU,1595103670,86,56.62,83.96,13.89,0.32
573,Prince Rupert,100,CA,1595103670,91,54.32,-130.32,14.26,2.03
574,Morecambe,20,GB,1595103482,77,54.07,-2.86,15.0,4.1
575,Rūdbār,0,AF,1595103670,20,30.15,62.6,30.71,4.3
576,Khorixas,0,NA,1595103670,31,-20.37,14.97,15.46,5.17
578,Taywarah,0,AF,1595103670,41,33.35,64.42,13.32,2.1
579,Keti Bandar,3,PK,1595103670,77,24.14,67.45,30.34,5.9
580,Ciudad del Maíz,78,MX,1595103670,44,22.4,-99.6,27.09,5.06
581,Ous,34,RU,1595103667,78,60.91,61.52,17.25,2.29
582,Manokwari,10,ID,1595103670,76,-0.87,134.08,26.06,1.45
583,Nago,1,JP,1595103670,88,26.59,127.98,27.0,3.6
584,Aykhal,90,RU,1595103670,93,66.0,111.5,11.0,2.0
585,Wanaka,0,NZ,1595103670,88,-44.7,169.15,-1.11,1.34
586,Harper,26,LR,1595103670,85,4.38,-7.72,24.64,3.26
587,Sibolga,100,ID,1595103554,80,1.74,98.78,24.61,1.68
588,Shimoda,100,JP,1595103670,96,34.67,138.95,19.44,5.14
589,Kieta,100,PG,1595103671,81,-6.22,155.63,25.61,0.97
590,Tura,100,IN,1595103671,98,25.52,90.22,24.06,2.85
591,Manitouwadge,90,CA,1595103671,100,49.12,-85.84,18.0,2.1
592,Rutul,0,RU,1595103604,51,41.54,47.42,28.0,6.2
593,Yatou,100,CN,1595103671,97,37.15,122.38,22.07,7.14
